<?xml version="1.0" encoding="utf-8"?>
    <selector xmlns:android="http://schemas.android.com/apk/res/android">
        <item android:state_pressed="true">
            <shape android:shape="rectangle">
                <solid android:color="#10FFFFFF"/> <!-- Sedikit putih saat ditekan -->
                <stroke android:width="1dp" android:color="#FFFFFF"/>
                <corners android:radius="8dp"/>
            </shape>
        </item>
        <item>
            <shape android:shape="rectangle">
                <solid android:color="@android:color/transparent"/>
                <stroke android:width="1dp" android:color="#FFFFFF"/>
                <corners android:radius="5dp"/>
            </shape>
        </item>
    </selector>
